,Date,Open,High,Low,Close,Volume,Change,BPS,PER,PBR,EPS,DIV,DPS,금리,환율
0,2022-01-27,597000,598000,450000,505000,15946992,,34398,0.0,14.68,0,0.0,0,1.25,1200.6300048828125
1,2022-01-28,476000,483000,445000,450000,4559773,-0.1089108910891089,34398,0.0,13.08,0,0.0,0,1.25,1203.4599609375
2,2022-02-03,458000,495500,441000,477000,2918435,0.06000000000000005,34398,0.0,13.87,0,0.0,0,1.25,1199.9599609375
3,2022-02-04,476500,505000,476000,504000,2088996,0.05660377358490565,34398,0.0,14.65,0,0.0,0,1.25,1200.3299560546875
4,2022-02-07,520000,548000,511000,548000,1911176,0.08730158730158721,34398,0.0,15.93,0,0.0,0,1.25,1197.0899658203125
5,2022-02-08,554000,577000,524000,542000,2583335,-0.010948905109489093,34398,0.0,15.76,0,0.0,0,1.25,1196.8499755859375
6,2022-02-09,550000,557000,505000,511000,2070704,-0.05719557195571956,34398,0.0,14.86,0,0.0,0,1.25,1196.3599853515625
7,2022-02-10,507000,507000,471500,474500,2306815,-0.0714285714285714,34398,0.0,13.79,0,0.0,0,1.25,1194.030029296875
8,2022-02-11,463500,484000,457000,482000,1411055,0.015806111696522684,34398,0.0,14.01,0,0.0,0,1.25,1199.3499755859375
9,2022-02-14,473000,482000,459500,463000,3285402,-0.03941908713692943,34398,0.0,13.46,0,0.0,0,1.25,1199.239990234375
10,2022-02-15,460000,468000,450000,451500,825406,-0.024838012958963263,34398,0.0,13.13,0,0.0,0,1.25,1197.3599853515625
11,2022-02-16,464000,465000,449500,455500,961669,0.008859357696566983,34398,0.0,13.24,0,0.0,0,1.25,1196.8299560546875
12,2022-02-17,454500,460000,447000,454500,711183,-0.002195389681668547,34398,0.0,13.21,0,0.0,0,1.25,1196.75
13,2022-02-18,448500,454500,448000,454500,418728,0.0,34398,0.0,13.21,0,0.0,0,1.25,1198.6600341796875
14,2022-02-21,450000,453000,447500,453000,327509,-0.0033003300330033403,34398,0.0,13.17,0,0.0,0,1.25,1195.0699462890625
15,2022-02-22,444500,448000,440000,440000,557179,-0.028697571743929395,34398,0.0,12.79,0,0.0,0,1.25,1194.6800537109375
16,2022-02-23,443500,446000,438000,442000,381560,0.00454545454545463,34398,0.0,12.85,0,0.0,0,1.25,1192.6800537109375
17,2022-02-24,435000,438000,416000,416500,883314,-0.05769230769230771,34398,0.0,12.11,0,0.0,0,1.25,1192.4000244140625
18,2022-02-25,425000,430000,418500,420000,465140,0.008403361344537785,34398,0.0,12.21,0,0.0,0,1.25,1206.0
19,2022-02-28,404500,422000,404000,412000,970088,-0.01904761904761909,34398,0.0,11.98,0,0.0,0,1.25,1197.5899658203125
20,2022-03-02,411000,434500,408500,434000,895460,0.05339805825242716,34398,0.0,12.62,0,0.0,0,1.25,1205.3699951171875
21,2022-03-03,439500,441000,430000,437000,460544,0.00691244239631339,34398,0.0,12.7,0,0.0,0,1.25,1203.1500244140625
22,2022-03-04,433500,436500,427000,428500,310930,-0.0194508009153318,34398,0.0,12.46,0,0.0,0,1.25,1205.989990234375
23,2022-03-07,420500,421000,412000,414000,370588,-0.03383897316219375,34398,0.0,12.04,0,0.0,0,1.25,1216.7099609375
24,2022-03-08,406000,417000,402500,410500,393413,-0.008454106280193274,34398,0.0,11.93,0,0.0,0,1.25,1232.300048828125
25,2022-03-10,421000,430500,417500,417500,1076446,0.01705237515225333,34398,0.0,12.14,0,0.0,0,1.25,1223.22998046875
26,2022-03-11,411500,412000,390500,391000,1811373,-0.06347305389221558,34398,0.0,11.37,0,0.0,0,1.25,1228.5999755859375
27,2022-03-14,385000,385500,361500,363500,1999479,-0.07033248081841437,34398,0.0,10.57,0,0.0,0,1.25,1236.8900146484375
28,2022-03-15,363000,370000,355000,359500,1064506,-0.011004126547455306,34398,0.0,10.45,0,0.0,0,1.25,1242.050048828125
29,2022-03-16,367000,367500,360000,363500,625328,0.011126564673157091,34398,0.0,10.57,0,0.0,0,1.25,1241.6800537109375
30,2022-03-17,374000,381500,373000,376000,816118,0.0343878954607979,34398,0.0,10.93,0,0.0,0,1.25,1223.0
31,2022-03-18,377500,384000,370500,382000,643915,0.015957446808510634,34398,0.0,11.11,0,0.0,0,1.25,1210.3299560546875
32,2022-03-21,385000,397500,384000,386000,655247,0.010471204188481575,34398,0.0,11.22,0,0.0,0,1.25,1210.3699951171875
33,2022-03-22,388500,399000,388000,397500,413972,0.029792746113989743,34398,0.0,11.56,0,0.0,0,1.25,1219.780029296875
34,2022-03-23,403000,407500,398000,407000,523438,0.023899371069182385,34398,0.0,11.83,0,0.0,0,1.25,1214.949951171875
35,2022-03-24,405000,410000,398000,408000,320746,0.002457002457002533,34398,0.0,11.86,0,0.0,0,1.25,1218.010009765625
36,2022-03-25,418500,444000,417500,439000,1528600,0.0759803921568627,34398,0.0,12.76,0,0.0,0,1.25,1217.550048828125
37,2022-03-28,439000,443000,430000,436500,481311,-0.005694760820045608,34398,0.0,12.69,0,0.0,0,1.25,1224.3800048828125
38,2022-03-29,443000,448500,440500,441000,375894,0.010309278350515427,34398,0.0,12.82,0,0.0,0,1.25,1223.6600341796875
39,2022-03-30,444500,445000,427000,440500,440195,-0.0011337868480725266,34398,0.0,12.81,0,0.0,0,1.25,1209.1300048828125
40,2022-03-31,437000,444000,435000,442000,272318,0.0034052213393871433,34398,0.0,12.85,0,0.0,0,1.25,1210.43994140625
41,2022-04-01,438500,439500,425000,428000,456080,-0.03167420814479638,34398,0.0,12.44,0,0.0,0,1.25,1214.5
42,2022-04-04,422000,440500,417500,438500,362727,0.02453271028037385,34398,0.0,12.75,0,0.0,0,1.25,1218.780029296875
43,2022-04-05,442500,450000,437000,449000,491410,0.02394526795895091,34398,0.0,13.05,0,0.0,0,1.25,1213.9000244140625
44,2022-04-06,436000,448500,436000,444500,415524,-0.010022271714922093,34398,0.0,12.92,0,0.0,0,1.25,1218.75
45,2022-04-07,438000,442000,431000,436500,316409,-0.017997750281214864,34398,0.0,12.69,0,0.0,0,1.25,1217.5999755859375
46,2022-04-08,449000,449000,437500,439500,395489,0.0068728522336769515,34398,0.0,12.78,0,0.0,0,1.25,1222.6600341796875
47,2022-04-11,435000,435500,423500,425000,289205,-0.0329920364050057,34398,0.0,12.36,0,0.0,0,1.25,1228.239990234375
48,2022-04-12,417000,421500,410000,411000,382240,-0.03294117647058825,34398,0.0,11.95,0,0.0,0,1.25,1235.050048828125
49,2022-04-13,414000,431500,404000,431000,386194,0.048661800486617945,34398,0.0,12.53,0,0.0,0,1.25,1228.5999755859375
50,2022-04-14,434000,441000,427500,441000,321259,0.023201856148491906,34398,0.0,12.82,0,0.0,0,1.5,1223.1199951171875
51,2022-04-15,435500,445000,431500,435000,307347,-0.013605442176870763,34398,0.0,12.65,0,0.0,0,1.5,1230.0999755859375
52,2022-04-18,434000,439500,432500,433000,115652,-0.0045977011494252595,34398,0.0,12.59,0,0.0,0,1.5,1228.0899658203125
53,2022-04-19,438000,441500,434000,435500,124432,0.005773672055427337,34398,0.0,12.66,0,0.0,0,1.5,1235.3499755859375
54,2022-04-20,437500,438000,432000,436500,202657,0.0022962112514350874,34398,0.0,12.69,0,0.0,0,1.5,1239.5999755859375
55,2022-04-21,437500,440000,434500,437000,234128,0.001145475372279492,34398,0.0,12.7,0,0.0,0,1.5,1234.0899658203125
56,2022-04-22,434000,437500,428500,436500,266806,-0.0011441647597254523,34398,0.0,12.69,0,0.0,0,1.5,1242.489990234375
57,2022-04-25,430000,436000,428500,433000,254452,-0.008018327605956443,34398,0.0,12.59,0,0.0,0,1.5,1243.1600341796875
58,2022-04-26,432000,432000,414500,423500,520529,-0.021939953810623525,34398,0.0,12.31,0,0.0,0,1.5,1249.2099609375
59,2022-04-27,399500,427000,397000,418000,1478354,-0.012987012987012991,34398,0.0,12.15,0,0.0,0,1.5,1260.7099609375
60,2022-04-28,420500,421000,412500,417500,358325,-0.0011961722488038617,34398,0.0,12.14,0,0.0,0,1.5,1266.280029296875
61,2022-04-29,418000,426000,414000,417000,332582,-0.0011976047904191933,34398,0.0,12.12,0,0.0,0,1.5,1272.2900390625
62,2022-05-02,412500,414500,407000,408500,365546,-0.020383693045563533,39831,103.08,10.26,3963,0.0,0,1.5,1262.530029296875
63,2022-05-03,409500,415000,406500,407500,254850,-0.002447980416156681,39831,102.83,10.23,3963,0.0,0,1.5,1266.75
64,2022-05-04,409500,410500,399500,401500,364195,-0.014723926380368124,39831,101.31,10.08,3963,0.0,0,1.5,1261.06005859375
65,2022-05-06,395000,401500,390000,401500,350875,0.0,39831,101.31,10.08,3963,0.0,0,1.5,1268.699951171875
66,2022-05-09,397000,400000,390000,394000,289113,-0.018679950186799466,39831,99.42,9.89,3963,0.0,0,1.5,1270.1300048828125
67,2022-05-10,387500,398500,382000,393500,407928,-0.0012690355329949554,39831,99.29,9.88,3963,0.0,0,1.5,1274.8599853515625
68,2022-05-11,394000,398000,391500,391500,239355,-0.0050825921219822545,39831,98.79,9.83,3963,0.0,0,1.5,1276.550048828125
69,2022-05-12,390000,395500,386000,388000,251570,-0.008939974457215838,39831,97.91,9.74,3963,0.0,0,1.5,1278.1500244140625
70,2022-05-13,390500,401500,390500,400500,228636,0.03221649484536093,39831,101.06,10.05,3963,0.0,0,1.5,1290.75
71,2022-05-16,407000,407500,397000,400500,200731,0.0,39831,101.06,10.05,3963,0.0,0,1.5,1277.5699462890625
72,2022-05-17,400500,411000,399000,408500,230327,0.019975031210986316,39831,103.08,10.26,3963,0.0,0,1.5,1279.8499755859375
73,2022-05-18,410000,413000,407500,410000,233063,0.003671970624234966,39831,103.46,10.29,3963,0.0,0,1.5,1266.6600341796875
74,2022-05-19,398500,417000,398500,415500,320709,0.013414634146341475,39831,104.84,10.43,3963,0.0,0,1.5,1275.5799560546875
75,2022-05-20,421000,439000,418000,434000,881979,0.044524669073405576,39831,109.51,10.9,3963,0.0,0,1.5,1263.550048828125
76,2022-05-23,438500,444000,432500,438000,361437,0.009216589861751112,39831,110.52,11.0,3963,0.0,0,1.5,1273.2099609375
77,2022-05-24,438500,444000,436500,438500,350284,0.0011415525114155667,39831,110.65,11.01,3963,0.0,0,1.5,1258.8199462890625
78,2022-05-25,439000,439000,422000,426500,365195,-0.027366020524515422,39831,107.62,10.71,3963,0.0,0,1.5,1260.989990234375
79,2022-05-26,426500,432500,424500,430500,162583,0.009378663540445586,39831,108.63,10.81,3963,0.0,0,1.75,1266.5999755859375
80,2022-05-27,434500,437000,427500,430500,214801,0.0,39831,108.63,10.81,3963,0.0,0,1.75,1258.8900146484375
81,2022-05-30,434500,440000,432000,439500,229834,0.020905923344947785,39831,110.9,11.03,3963,0.0,0,1.75,1251.5899658203125
82,2022-05-31,441500,444000,436000,444000,345830,0.010238907849829282,39831,112.04,11.15,3963,0.0,0,1.75,1236.1700439453125
83,2022-06-02,440500,442000,438000,440500,153596,-0.007882882882882858,39831,111.15,11.06,3963,0.0,0,1.75,1246.949951171875
84,2022-06-03,443500,444000,437500,437500,154981,-0.006810442678774176,39831,110.4,10.98,3963,0.0,0,1.75,1240.8399658203125
85,2022-06-07,436500,439500,432000,432000,180249,-0.012571428571428567,39831,109.01,10.85,3963,0.0,0,1.75,1254.47998046875
86,2022-06-08,432500,434500,422500,425500,215828,-0.01504629629629628,39831,107.37,10.68,3963,0.0,0,1.75,1254.5799560546875
87,2022-06-09,426000,426000,419000,422500,208712,-0.007050528789659172,39831,106.61,10.61,3963,0.0,0,1.75,1256.739990234375
88,2022-06-10,418000,426000,412500,425000,285077,0.00591715976331364,39831,107.24,10.67,3963,0.0,0,1.75,1264.02001953125
89,2022-06-13,414000,420500,413500,415000,267003,-0.02352941176470591,39831,104.72,10.42,3963,0.0,0,1.75,1278.280029296875
90,2022-06-14,411000,432500,410500,426500,417106,0.027710843373494054,39831,107.62,10.71,3963,0.0,0,1.75,1291.800048828125
91,2022-06-15,426000,427500,417000,420000,275832,-0.015240328253223967,39831,105.98,10.54,3963,0.0,0,1.75,1289.47998046875
92,2022-06-16,424500,439500,424500,427000,365836,0.016666666666666607,39831,107.75,10.72,3963,0.0,0,1.75,1278.1600341796875
93,2022-06-17,419500,430000,417000,425500,1211937,-0.003512880562060894,39831,107.37,10.68,3963,0.0,0,1.75,1288.1800537109375
94,2022-06-20,426500,427000,408500,411500,285056,-0.03290246768507643,39831,103.84,10.33,3963,0.0,0,1.75,1290.5
95,2022-06-21,414500,416500,406000,413000,204026,0.0036452004860267895,39831,104.21,10.37,3963,0.0,0,1.75,1292.3800048828125
96,2022-06-22,415000,416500,401000,401000,210875,-0.029055690072639195,39831,101.19,10.07,3963,0.0,0,1.75,1291.5999755859375
97,2022-06-23,401000,404500,391000,400000,298719,-0.0024937655860348684,39831,100.93,10.04,3963,0.0,0,1.75,1297.6800537109375
98,2022-06-24,399000,405000,398000,405000,235758,0.012499999999999956,39831,102.2,10.17,3963,0.0,0,1.75,1299.81005859375
99,2022-06-27,408500,414500,403500,412000,206869,0.01728395061728394,39831,103.96,10.34,3963,0.0,0,1.75,1288.2900390625
100,2022-06-28,412000,415000,406500,410500,129697,-0.00364077669902918,39831,103.58,10.31,3963,0.0,0,1.75,1286.199951171875
101,2022-06-29,402000,403500,391500,391500,327192,-0.04628501827040199,39831,98.79,9.83,3963,0.0,0,1.75,1292.030029296875
102,2022-06-30,388500,389000,370500,371000,459845,-0.05236270753512129,39831,93.62,9.31,3963,0.0,0,1.75,1301.72998046875
103,2022-07-01,371000,371500,356000,356500,434833,-0.03908355795148244,39831,89.96,8.95,3963,0.0,0,1.75,1287.7099609375
104,2022-07-04,356500,361000,352000,356000,161015,-0.0014025245441795509,39831,89.83,8.94,3963,0.0,0,1.75,1297.8900146484375
105,2022-07-05,356500,362500,356000,361500,219192,0.015449438202247201,39831,91.22,9.08,3963,0.0,0,1.75,1295.6800537109375
106,2022-07-06,367500,374500,364000,370500,393886,0.024896265560165887,39831,93.49,9.3,3963,0.0,0,1.75,1308.6600341796875
107,2022-07-07,374500,375000,367500,373500,223247,0.00809716599190291,39831,94.25,9.38,3963,0.0,0,1.75,1304.8499755859375
108,2022-07-08,375000,392500,375000,388000,397140,0.038821954484605126,39831,97.91,9.74,3963,0.0,0,1.75,1297.6500244140625
109,2022-07-11,389000,402000,380500,395000,345052,0.018041237113401998,39831,99.67,9.92,3963,0.0,0,1.75,1293.7900390625
110,2022-07-12,393000,403000,387500,401000,324262,0.0151898734177216,39831,101.19,10.07,3963,0.0,0,1.75,1310.8599853515625
111,2022-07-13,398500,404000,392000,400000,223258,-0.0024937655860348684,39831,100.93,10.04,3963,0.0,0,2.25,1305.8299560546875
112,2022-07-14,400000,404000,399000,399500,197883,-0.0012499999999999734,39831,100.81,10.03,3963,0.0,0,2.25,1304.8499755859375
113,2022-07-15,401500,402000,394000,400000,146816,0.0012515644555695093,39831,100.93,10.04,3963,0.0,0,2.25,1316.1800537109375
114,2022-07-18,400000,400500,387000,393000,233929,-0.01749999999999996,39831,99.17,9.87,3963,0.0,0,2.25,1318.1199951171875
115,2022-07-19,391500,393500,382500,383000,205688,-0.025445292620865145,39831,96.64,9.62,3963,0.0,0,2.25,1318.9100341796875
116,2022-07-20,387000,389500,383500,384000,181936,0.0026109660574411553,39831,96.9,9.64,3963,0.0,0,2.25,1305.5
117,2022-07-21,385000,390500,384500,390500,185937,0.01692708333333326,39831,98.54,9.8,3963,0.0,0,2.25,1312.8699951171875
118,2022-07-22,391500,392500,382000,382000,300672,-0.0217669654289373,39831,96.39,9.59,3963,0.0,0,2.25,1306.8499755859375
119,2022-07-25,376000,393500,371000,391000,653865,0.023560209424083878,39831,98.66,9.82,3963,0.0,0,2.25,1309.3199462890625
120,2022-07-26,388000,409500,386500,394000,691524,0.007672634271099765,39831,99.42,9.89,3963,0.0,0,2.25,1310.4000244140625
121,2022-07-27,383000,397000,382500,393500,2624439,-0.0012690355329949554,39831,99.29,9.88,3963,0.0,0,2.25,1310.9000244140625
122,2022-07-28,396000,419000,393500,415500,1654973,0.055908513341804245,39831,104.84,10.43,3963,0.0,0,2.25,1305.949951171875
123,2022-07-29,416000,423000,411000,422000,721315,0.01564380264741283,39831,106.48,10.59,3963,0.0,0,2.25,1295.1500244140625
124,2022-08-01,420000,428000,416500,419500,370740,-0.005924170616113722,39831,105.85,10.53,3963,0.0,0,2.25,1302.280029296875
125,2022-08-02,420000,424000,413000,417000,282849,-0.005959475566150174,39831,105.22,10.47,3963,0.0,0,2.25,1306.75
126,2022-08-03,416000,437000,415500,437000,733137,0.04796163069544357,39831,110.27,10.97,3963,0.0,0,2.25,1314.6300048828125
127,2022-08-04,444500,446500,438500,443000,573214,0.013729977116704761,39831,111.78,11.12,3963,0.0,0,2.25,1307.3800048828125
128,2022-08-05,443500,449000,440500,446000,409770,0.006772009029345272,39831,112.54,11.2,3963,0.0,0,2.25,1302.0799560546875
129,2022-08-08,443000,448500,440500,447000,256471,0.0022421524663676085,39831,112.79,11.22,3963,0.0,0,2.25,1302.739990234375
130,2022-08-09,448000,458500,444000,457500,593954,0.02348993288590595,39831,115.44,11.49,3963,0.0,0,2.25,1299.030029296875
131,2022-08-10,455500,459500,452500,458000,280484,0.0010928961748633004,39831,115.57,11.5,3963,0.0,0,2.25,1307.56005859375
132,2022-08-11,462000,474000,461000,472000,641654,0.03056768558951961,39831,119.1,11.85,3963,0.0,0,2.25,1296.699951171875
133,2022-08-12,469000,473000,455500,460500,430857,-0.024364406779661008,39831,116.2,11.56,3963,0.0,0,2.25,1306.8299560546875
134,2022-08-16,464500,469500,458500,460500,327692,0.0,39831,116.2,11.56,3963,0.0,0,2.25,1313.1800537109375
135,2022-08-17,461000,461500,450000,453500,343740,-0.015200868621064068,39831,114.43,11.39,3963,0.0,0,2.25,1311.0
136,2022-08-18,450000,455000,445000,452000,255728,-0.003307607497243681,39831,114.06,11.35,3963,0.0,0,2.25,1314.8299560546875
137,2022-08-19,452500,455000,445500,447000,225884,-0.011061946902654829,39831,112.79,11.22,3963,0.0,0,2.25,1326.9100341796875
138,2022-08-22,441500,447500,438500,442500,207144,-0.010067114093959773,39831,111.66,11.11,3963,0.0,0,2.25,1334.8599853515625
139,2022-08-23,441500,449000,439500,445000,225611,0.005649717514124353,39831,112.29,11.17,3963,0.0,0,2.25,1343.3599853515625
140,2022-08-24,449500,454000,441500,451000,242174,0.01348314606741563,39831,113.8,11.32,3963,0.0,0,2.25,1339.0799560546875
141,2022-08-25,452500,459000,449000,459000,262145,0.017738359201773912,39831,115.82,11.52,3963,0.0,0,2.5,1340.0
142,2022-08-26,461000,467000,460500,465500,316072,0.014161220043573008,39831,117.46,11.69,3963,0.0,0,2.5,1334.43994140625
143,2022-08-29,451000,465000,447500,459500,339935,-0.012889366272824887,39831,115.95,11.54,3963,0.0,0,2.5,1341.1800537109375
144,2022-08-30,470500,478000,463500,465500,422011,0.013057671381936808,39831,117.46,11.69,3963,0.0,0,2.5,1345.72998046875
145,2022-08-31,462500,466000,455000,462500,432953,-0.0064446831364124435,39831,116.7,11.61,3963,0.0,0,2.5,1350.18994140625
146,2022-09-01,455500,469000,455000,463000,289808,0.00108108108108107,39831,116.83,11.62,3963,0.0,0,2.5,1342.260009765625
147,2022-09-02,467500,487000,466500,482000,731539,0.0410367170626349,39831,121.63,12.1,3963,0.0,0,2.5,1355.0999755859375
148,2022-09-05,481500,492000,480500,483000,323405,0.0020746887966804906,39831,121.88,12.13,3963,0.0,0,2.5,1361.510009765625
149,2022-09-06,483000,486000,475000,483500,205898,0.0010351966873705098,39831,122.0,12.14,3963,0.0,0,2.5,1361.81005859375
150,2022-09-07,481500,490500,481000,488000,276296,0.009307135470527417,39831,123.14,12.25,3963,0.0,0,2.5,1378.1099853515625
151,2022-09-08,492500,494000,486000,486500,327964,-0.0030737704918032405,39831,122.76,12.21,3963,0.0,0,2.5,1374.31005859375
152,2022-09-13,492000,500000,485500,497000,437949,0.021582733812949728,39831,125.41,12.48,3963,0.0,0,2.5,1375.81005859375
153,2022-09-14,487000,500000,486500,498500,412616,0.003018108651911433,39831,125.79,12.52,3963,0.0,0,2.5,1393.469970703125
154,2022-09-15,499500,513000,497500,511000,447162,0.02507522567703102,39831,128.94,12.83,3963,0.0,0,2.5,1391.1800537109375
155,2022-09-16,512000,516000,501000,506000,975540,-0.009784735812133127,39831,127.68,12.7,3963,0.0,0,2.5,1398.6300048828125
156,2022-09-19,507000,507000,475000,477500,524253,-0.05632411067193677,39831,120.49,11.99,3963,0.0,0,2.5,1385.22998046875
157,2022-09-20,484000,491000,475500,483500,321658,0.012565445026178068,39831,122.0,12.14,3963,0.0,0,2.5,1390.1099853515625
158,2022-09-21,481500,487500,476500,479500,251723,-0.008273009307135482,39831,120.99,12.04,3963,0.0,0,2.5,1392.510009765625
159,2022-09-22,475500,492000,473500,488500,270673,0.018769551616266922,39831,123.27,12.26,3963,0.0,0,2.5,1397.56005859375
160,2022-09-23,489000,489500,460000,460500,434212,-0.057318321392016425,39831,116.2,11.56,3963,0.0,0,2.5,1403.6600341796875
161,2022-09-26,453000,458000,440000,446500,446277,-0.030401737242128135,39831,112.67,11.21,3963,0.0,0,2.5,1421.81005859375
162,2022-09-27,447500,451000,435000,444000,365111,-0.005599104143337086,39831,112.04,11.15,3963,0.0,0,2.5,1429.77001953125
163,2022-09-28,444000,451500,427000,433500,434645,-0.023648648648648685,39831,109.39,10.88,3963,0.0,0,2.5,1426.260009765625
164,2022-09-29,440500,448000,436500,440000,315304,0.014994232987312506,39831,111.03,11.05,3963,0.0,0,2.5,1421.949951171875
165,2022-09-30,433000,438500,420000,426500,359392,-0.030681818181818143,39831,107.62,10.71,3963,0.0,0,2.5,1430.1700439453125
166,2022-10-04,429500,446000,415000,444500,385281,0.042203985932004695,39831,112.16,11.16,3963,0.0,0,2.5,1433.3399658203125
167,2022-10-05,455000,470500,448500,469000,500217,0.055118110236220375,39831,118.34,11.77,3963,0.0,0,2.5,1416.530029296875
168,2022-10-06,470000,487000,466500,478000,355060,0.019189765458422103,39831,120.62,12.0,3963,0.0,0,2.5,1416.760009765625
169,2022-10-07,474500,486000,474000,482500,278082,0.009414225941422494,39831,121.75,12.11,3963,0.0,0,2.5,1408.449951171875
170,2022-10-11,482000,497500,477500,497500,482189,0.031088082901554515,39831,125.54,12.49,3963,0.0,0,2.5,1428.3499755859375
171,2022-10-12,497500,498000,475500,483000,372446,-0.029145728643216073,39831,121.88,12.13,3963,0.0,0,3.0,1430.800048828125
172,2022-10-13,484500,492500,476500,477000,305035,-0.012422360248447228,39831,120.36,11.98,3963,0.0,0,3.0,1423.9000244140625
173,2022-10-14,487000,489500,479000,483000,234212,0.012578616352201255,39831,121.88,12.13,3963,0.0,0,3.0,1430.300048828125
174,2022-10-17,479500,491500,477000,491500,234777,0.017598343685300222,39831,124.02,12.34,3963,0.0,0,3.0,1440.760009765625
175,2022-10-18,497000,499500,481500,489000,338046,-0.0050864699898270915,39831,123.39,12.28,3963,0.0,0,3.0,1430.1500244140625
176,2022-10-19,491000,500000,489500,497500,347663,0.017382413087934534,39831,125.54,12.49,3963,0.0,0,3.0,1425.02001953125
177,2022-10-20,499000,500000,484500,495000,301938,-0.005025125628140725,39831,124.91,12.43,3963,0.0,0,3.0,1435.010009765625
178,2022-10-21,491000,499000,489000,499000,211677,0.008080808080808133,39831,125.91,12.53,3963,0.0,0,3.0,1430.31005859375
179,2022-10-24,504000,510000,500000,509000,346950,0.02004008016032066,39831,128.44,12.78,3963,0.0,0,3.0,1428.1099853515625
180,2022-10-25,510000,526000,509000,511000,473847,0.003929273084479323,39831,128.94,12.83,3963,0.0,0,3.0,1443.9599609375
181,2022-10-26,517000,530000,514000,529000,445935,0.03522504892367917,39831,133.48,13.28,3963,0.0,0,3.0,1426.9300537109375
182,2022-10-27,535000,545000,532000,540000,370279,0.020793950850661602,39831,136.26,13.56,3963,0.0,0,3.0,1412.68994140625
183,2022-10-28,540000,549000,530000,532000,381489,-0.014814814814814836,39831,134.24,13.36,3963,0.0,0,3.0,1420.6500244140625
184,2022-10-31,539000,542000,516000,528000,627381,-0.007518796992481258,39831,133.23,13.26,3963,0.0,0,3.0,1421.6500244140625
185,2022-11-01,534000,563000,533000,563000,516467,0.0662878787878789,39831,142.06,14.13,3963,0.0,0,3.0,1424.6700439453125
186,2022-11-02,564000,585000,560000,569000,587884,0.010657193605683846,39831,143.58,14.29,3963,0.0,0,3.0,1416.5999755859375
187,2022-11-03,560000,593000,557000,589000,423465,0.03514938488576447,39831,148.62,14.79,3963,0.0,0,3.0,1423.0999755859375
188,2022-11-04,590000,598000,583000,592000,363743,0.005093378607809784,39831,149.38,14.86,3963,0.0,0,3.0,1423.6500244140625
189,2022-11-07,591000,596000,581000,587000,260646,-0.008445945945945943,39831,148.12,14.74,3963,0.0,0,3.0,1402.1099853515625
190,2022-11-08,590000,590000,570000,588000,367102,0.0017035775127767216,39831,148.37,14.76,3963,0.0,0,3.0,1392.699951171875
191,2022-11-09,591000,599000,581000,599000,304293,0.018707482993197244,39831,151.15,15.04,3963,0.0,0,3.0,1374.1500244140625
192,2022-11-10,595000,610000,593000,605000,381672,0.01001669449081799,39831,152.66,15.19,3963,0.0,0,3.0,1370.550048828125
193,2022-11-11,623000,629000,613000,624000,447112,0.03140495867768589,39831,157.46,15.67,3963,0.0,0,3.0,1349.3699951171875
194,2022-11-14,618000,628000,602000,604000,433612,-0.03205128205128205,39831,152.41,15.16,3963,0.0,0,3.0,1313.030029296875
195,2022-11-15,604000,610000,586000,596000,380071,-0.013245033112582738,39831,150.39,14.96,3963,0.0,0,3.0,1324.0799560546875
196,2022-11-16,599000,603000,585000,600000,246738,0.006711409395973256,39831,151.4,15.06,3963,0.0,0,3.0,1316.260009765625
197,2022-11-17,596000,606000,593000,597000,157723,-0.0050000000000000044,39831,150.64,14.99,3963,0.0,0,3.0,1336.4300537109375
198,2022-11-18,600000,613000,597000,598000,237076,0.0016750418760469454,39831,150.9,15.01,3963,0.0,0,3.0,1342.75
199,2022-11-21,600000,600000,571000,573000,375953,-0.041806020066889604,39831,144.59,14.39,3963,0.0,0,3.0,1339.030029296875
200,2022-11-22,569000,578000,558000,571000,323986,-0.003490401396160525,39831,144.08,14.34,3963,0.0,0,3.0,1359.75
201,2022-11-23,574000,576000,557000,561000,313170,-0.017513134851138368,39831,141.56,14.08,3963,0.0,0,3.0,1352.68994140625
202,2022-11-24,568000,574000,565000,568000,202426,0.012477718360071277,39831,143.33,14.26,3963,0.0,0,3.25,1336.81005859375
203,2022-11-25,568000,577000,566000,571000,189536,0.005281690140845008,39831,144.08,14.34,3963,0.0,0,3.25,1317.8900146484375
204,2022-11-28,573000,584000,554000,562000,327688,-0.015761821366024553,39831,141.81,14.11,3963,0.0,0,3.25,1334.56005859375
205,2022-11-29,562000,568000,558000,567000,276910,0.008896797153024938,39831,143.07,14.24,3963,0.0,0,3.25,1340.1199951171875
206,2022-11-30,563000,587000,556000,587000,1549820,0.03527336860670194,39831,148.12,14.74,3963,0.0,0,3.25,1325.3699951171875
207,2022-12-01,589000,591000,579000,585000,360664,-0.0034071550255536653,39831,147.62,14.69,3963,0.0,0,3.25,1279.800048828125
208,2022-12-02,585000,590000,578000,584000,239024,-0.0017094017094017033,39831,147.36,14.66,3963,0.0,0,3.25,1303.25
209,2022-12-05,582000,582000,562000,562000,370292,-0.03767123287671237,39831,141.81,14.11,3963,0.0,0,3.25,1299.1700439453125
210,2022-12-06,555000,568000,553000,559000,249853,-0.005338078291814985,39831,141.05,14.03,3963,0.0,0,3.25,1304.3699951171875
211,2022-12-07,558000,565000,553000,563000,209953,0.007155635062611854,39831,142.06,14.13,3963,0.0,0,3.25,1319.7099609375
212,2022-12-08,564000,567000,525000,531000,928841,-0.056838365896980436,39831,133.99,13.33,3963,0.0,0,3.25,1314.0999755859375
213,2022-12-09,533000,534000,507000,515000,621086,-0.030131826741996215,39831,129.95,12.93,3963,0.0,0,3.25,1316.6300048828125
214,2022-12-12,506000,514000,501000,502000,410188,-0.025242718446601975,39831,126.67,12.6,3963,0.0,0,3.25,1303.1700439453125
215,2022-12-13,506000,506000,489000,496500,409056,-0.010956175298804771,39831,125.28,12.47,3963,0.0,0,3.25,1305.9200439453125
216,2022-12-14,492500,502000,488000,498500,321107,0.004028197381671594,39831,125.79,12.52,3963,0.0,0,3.25,1288.97998046875
217,2022-12-15,499000,502000,483000,486000,324362,-0.025075225677031132,39831,122.63,12.2,3963,0.0,0,3.25,1295.6800537109375
218,2022-12-16,476500,489500,476500,485500,312213,-0.0010288065843621075,39831,122.51,12.19,3963,0.0,0,3.25,1317.0999755859375
219,2022-12-19,482500,483000,473000,482000,333848,-0.007209062821833201,39831,121.63,12.1,3963,0.0,0,3.25,1308.8599853515625
220,2022-12-20,478500,497500,477000,487500,328234,0.011410788381742698,39831,123.01,12.24,3963,0.0,0,3.25,1301.3299560546875
221,2022-12-21,489500,493000,475000,477000,244350,-0.021538461538461506,39831,120.36,11.98,3963,0.0,0,3.25,1283.6400146484375
222,2022-12-22,479500,481000,466500,471500,340815,-0.011530398322851187,39831,118.98,11.84,3963,0.0,0,3.25,1280.77001953125
223,2022-12-23,464000,465500,455000,455500,287228,-0.03393425238600212,39831,114.94,11.44,3963,0.0,0,3.25,1290.199951171875
224,2022-12-26,454000,459500,454000,457500,149013,0.004390779363337094,39831,115.44,11.49,3963,0.0,0,3.25,1279.239990234375
225,2022-12-27,457500,460000,449500,457000,231365,-0.0010928961748634114,39831,115.32,11.47,3963,0.0,0,3.25,1275.1300048828125
226,2022-12-28,450500,450500,432500,436500,446129,-0.0448577680525164,39831,110.14,10.96,3963,0.0,0,3.25,1272.280029296875
227,2022-12-29,435500,442500,432500,435500,265226,-0.002290950744558984,39831,109.89,10.93,3963,0.0,0,3.25,1274.3199462890625
228,2023-01-02,442000,455000,441500,446000,250046,0.024110218140068973,39831,112.54,11.2,3963,0.0,0,3.25,1260.9100341796875
229,2023-01-03,446000,449500,435000,440500,218710,-0.012331838565022402,39831,111.15,11.06,3963,0.0,0,3.25,1270.0999755859375
230,2023-01-04,433000,445000,421000,443000,291720,0.00567536889897835,39831,111.78,11.12,3963,0.0,0,3.25,1279.0799560546875
231,2023-01-05,447000,450000,433000,433500,291874,-0.021444695259593693,39831,109.39,10.88,3963,0.0,0,3.25,1271.0799560546875
232,2023-01-06,429500,444000,423000,444000,294525,0.02422145328719716,39831,112.04,11.15,3963,0.0,0,3.25,1274.1800537109375
233,2023-01-09,449500,465000,448500,464000,395601,0.04504504504504503,39831,117.08,11.65,3963,0.0,0,3.25,1252.8800048828125
234,2023-01-10,473500,484000,467000,473500,608987,0.020474137931034475,39831,119.48,11.89,3963,0.0,0,3.25,1239.280029296875
235,2023-01-11,474000,478500,469000,474500,254291,0.002111932418162654,39831,119.73,11.91,3963,0.0,0,3.25,1240.1600341796875
236,2023-01-12,481000,482000,472000,478000,287924,0.007376185458377149,39831,120.62,12.0,3963,0.0,0,3.25,1241.5999755859375
237,2023-01-13,479500,482000,475500,478000,181006,0.0,39831,120.62,12.0,3963,0.0,0,3.5,1239.1300048828125
238,2023-01-16,478500,480500,475500,480500,138434,0.0052301255230124966,39831,121.25,12.06,3963,0.0,0,3.5,1236.5899658203125
239,2023-01-17,478500,479000,454500,458000,390507,-0.04682622268470349,39831,115.57,11.5,3963,0.0,0,3.5,1240.7099609375
240,2023-01-18,464000,467000,454500,458000,282241,0.0,39831,115.57,11.5,3963,0.0,0,3.5,1237.0
241,2023-01-19,458000,463000,448000,456000,271694,-0.004366812227074246,39831,115.06,11.45,3963,0.0,0,3.5,1237.8800048828125
242,2023-01-20,456500,471500,450500,469500,266206,0.02960526315789469,39831,118.47,11.79,3963,0.0,0,3.5,1232.1800537109375
243,2023-01-25,470000,484000,470000,484000,366937,0.03088391906283272,39831,122.13,12.15,3963,0.0,0,3.5,1232.6600341796875
244,2023-01-26,485500,520000,476500,517000,686493,0.06818181818181812,39831,130.46,12.98,3963,0.0,0,3.5,1232.5899658203125
245,2023-01-27,525000,526000,504000,506000,459245,-0.021276595744680882,39831,127.68,12.7,3963,0.0,0,3.5,1231.8499755859375
246,2023-01-30,498500,515000,490000,510000,1609558,0.007905138339920903,39831,128.69,12.8,3963,0.0,0,3.5,1228.949951171875
247,2023-01-31,504000,528000,501000,521000,722845,0.021568627450980316,39831,131.47,13.08,3963,0.0,0,3.5,1231.5
248,2023-02-01,527000,531000,518000,522000,428384,0.0019193857965451588,39831,131.72,13.11,3963,0.0,0,3.5,1232.1500244140625
249,2023-02-02,529000,534000,522000,533000,367389,0.021072796934865856,39831,134.49,13.38,3963,0.0,0,3.5,1221.949951171875
250,2023-02-03,533000,541000,530000,535000,311193,0.0037523452157599557,39831,135.0,13.43,3963,0.0,0,3.5,1224.9000244140625
251,2023-02-06,530000,533000,521000,525000,280165,-0.01869158878504673,39831,132.48,13.18,3963,0.0,0,3.5,1246.75
252,2023-02-07,520000,544000,520000,542000,363799,0.0323809523809524,39831,136.77,13.61,3963,0.0,0,3.5,1261.22998046875
253,2023-02-08,545000,549000,542000,546000,301262,0.007380073800737907,39831,137.77,13.71,3963,0.0,0,3.5,1255.3499755859375
254,2023-02-09,544000,550000,540000,550000,355020,0.0073260073260073,39831,138.78,13.81,3963,0.0,0,3.5,1260.469970703125
255,2023-02-10,547000,548000,535000,542000,260831,-0.014545454545454528,39831,136.77,13.61,3963,0.0,0,3.5,1264.550048828125
256,2023-02-13,536000,537000,522000,522000,415228,-0.03690036900369009,39831,131.72,13.11,3963,0.0,0,3.5,1266.8699951171875
257,2023-02-14,526000,532000,520000,525000,299950,0.005747126436781658,39831,132.48,13.18,3963,0.0,0,3.5,1272.93994140625
258,2023-02-15,531000,543000,526000,527000,313034,0.003809523809523707,39831,132.98,13.23,3963,0.0,0,3.5,1272.25
259,2023-02-16,534000,549000,531000,549000,390488,0.04174573055028463,39831,138.53,13.78,3963,0.0,0,3.5,1283.719970703125
260,2023-02-17,540000,548000,529000,533000,334707,-0.02914389799635697,39831,134.49,13.38,3963,0.0,0,3.5,1288.9599609375
261,2023-02-20,534000,534000,511000,516000,380832,-0.031894934333958735,39831,130.2,12.95,3963,0.0,0,3.5,1293.9200439453125
262,2023-02-21,517000,522000,511000,520000,211255,0.007751937984496138,39831,131.21,13.06,3963,0.0,0,3.5,1296.1099853515625
263,2023-02-22,507000,516000,504000,508000,315931,-0.023076923076923106,39831,128.19,12.75,3963,0.0,0,3.5,1305.8299560546875
264,2023-02-23,511000,515000,504000,507000,218469,-0.0019685039370078705,39831,127.93,12.73,3963,0.0,0,3.5,1302.8299560546875
265,2023-02-24,508000,522000,507000,511000,239646,0.007889546351084853,39831,128.94,12.83,3963,0.0,0,3.5,1298.0799560546875
266,2023-02-27,507000,512000,499000,508000,256666,-0.005870841487279899,39831,128.19,12.75,3963,0.0,0,3.5,1313.699951171875
267,2023-02-28,516000,532000,515000,523000,419180,0.029527559055118058,39831,131.97,13.13,3963,0.0,0,3.5,1318.3499755859375
268,2023-03-02,520000,542000,516000,535000,506812,0.02294455066921608,39831,135.0,13.43,3963,0.0,0,3.5,1305.72998046875
269,2023-03-03,539000,542000,533000,538000,288004,0.005607476635514086,39831,135.76,13.51,3963,0.0,0,3.5,1311.06005859375
270,2023-03-06,545000,547000,533000,547000,418951,0.016728624535315983,39831,138.03,13.73,3963,0.0,0,3.5,1294.780029296875
271,2023-03-07,548000,570000,543000,566000,834010,0.034734917733089565,39831,142.82,14.21,3963,0.0,0,3.5,1299.0
272,2023-03-08,559000,569000,551000,562000,374233,-0.007067137809187329,39831,141.81,14.11,3963,0.0,0,3.5,1317.9000244140625
273,2023-03-09,564000,569000,545000,549000,411910,-0.02313167259786475,39831,138.53,13.78,3963,0.0,0,3.5,1316.449951171875
274,2023-03-10,537000,553000,534000,551000,270554,0.0036429872495447047,39831,139.04,13.83,3963,0.0,0,3.5,1325.550048828125
275,2023-03-13,554000,565000,549000,563000,365145,0.02177858439201441,39831,142.06,14.13,3963,0.0,0,3.5,1319.5400390625
276,2023-03-14,560000,561000,545000,548000,306944,-0.026642984014209614,39831,138.28,13.76,3963,0.0,0,3.5,1296.3800048828125
277,2023-03-15,551000,573000,549000,565000,455274,0.031021897810219023,39831,142.57,14.18,3963,0.0,0,3.5,1304.5799560546875
278,2023-03-16,561000,578000,558000,576000,499942,0.019469026548672552,39831,145.34,14.46,3963,0.0,0,3.5,1311.739990234375
279,2023-03-17,579000,579000,550000,553000,461982,-0.03993055555555558,39831,139.54,13.88,3963,0.0,0,3.5,1301.6199951171875
280,2023-03-20,546000,551000,537000,544000,229510,-0.016274864376130238,39831,137.27,13.66,3963,0.0,0,3.5,1307.6500244140625
281,2023-03-21,549000,559000,545000,546000,186781,0.003676470588235281,39831,137.77,13.71,3963,0.0,0,3.5,1304.93994140625
282,2023-03-22,557000,577000,555000,573000,534061,0.0494505494505495,39831,144.59,14.39,3963,0.0,0,3.5,1303.43994140625
283,2023-03-23,568000,580000,566000,575000,457612,0.003490401396160525,39831,145.09,14.44,3963,0.0,0,3.5,1298.25
284,2023-03-24,577000,578000,556000,569000,317648,-0.01043478260869568,39831,143.58,14.29,3963,0.0,0,3.5,1286.2900390625
285,2023-03-27,588000,594000,572000,574000,553025,0.008787346221441172,39831,144.84,14.41,3963,0.0,0,3.5,1294.8299560546875
286,2023-03-28,578000,579000,566000,577000,264318,0.005226480836237002,39831,145.6,14.49,3963,0.0,0,3.5,1297.800048828125
287,2023-03-29,578000,585000,577000,583000,368772,0.010398613518197486,39831,147.11,14.64,3963,0.0,0,3.5,1296.97998046875
288,2023-03-30,587000,590000,576000,588000,334990,0.00857632933104635,39831,148.37,14.76,3963,0.0,0,3.5,1307.1300048828125
289,2023-03-31,582000,590000,571000,584000,298469,-0.006802721088435382,39831,147.36,14.66,3963,0.0,0,3.5,1296.5
290,2023-04-03,588000,590000,577000,586000,330892,0.003424657534246478,39831,147.87,14.71,3963,0.0,0,3.5,1305.47998046875
291,2023-04-04,586000,598000,572000,575000,444861,-0.018771331058020424,39831,145.09,14.44,3963,0.0,0,3.5,1308.050048828125
292,2023-04-05,575000,589000,574000,588000,235578,0.022608695652173827,39831,148.37,14.76,3963,0.0,0,3.5,1312.4100341796875
293,2023-04-06,587000,590000,578000,580000,278416,-0.013605442176870763,39831,146.35,14.56,3963,0.0,0,3.5,1316.2099609375
294,2023-04-07,581000,590000,579000,580000,366225,0.0,39831,146.35,14.56,3963,0.0,0,3.5,1317.93994140625
295,2023-04-10,587000,598000,584000,596000,597900,0.02758620689655178,39831,150.39,14.96,3963,0.0,0,3.5,1315.449951171875
296,2023-04-11,600000,613000,596000,610000,811886,0.02348993288590595,39831,153.92,15.31,3963,0.0,0,3.5,1320.8800048828125
297,2023-04-12,608000,610000,588000,590000,541299,-0.032786885245901676,39831,148.88,14.81,3963,0.0,0,3.5,1322.0899658203125
298,2023-04-13,581000,599000,575000,599000,386450,0.015254237288135686,39831,151.15,15.04,3963,0.0,0,3.5,1322.8299560546875
299,2023-04-14,603000,604000,586000,594000,339843,-0.008347245409014992,39831,149.89,14.91,3963,0.0,0,3.5,1301.4300537109375
300,2023-04-17,588000,593000,584000,591000,276643,-0.005050505050505083,39831,149.13,14.84,3963,0.0,0,3.5,1303.3800048828125
301,2023-04-18,593000,598000,586000,592000,247157,0.0016920473773265332,39831,149.38,14.86,3963,0.0,0,3.5,1316.0699462890625
302,2023-04-19,593000,593000,581000,582000,300756,-0.016891891891891886,39831,146.86,14.61,3963,0.0,0,3.5,1315.9000244140625
303,2023-04-20,582000,586000,575000,580000,247483,-0.0034364261168384758,39831,146.35,14.56,3963,0.0,0,3.5,1326.760009765625
304,2023-04-21,577000,578000,563000,572000,267430,-0.01379310344827589,39831,144.34,14.36,3963,0.0,0,3.5,1323.5999755859375
305,2023-04-24,566000,575000,563000,566000,189996,-0.010489510489510523,39831,142.82,14.21,3963,0.0,0,3.5,1329.3800048828125
306,2023-04-25,570000,575000,548000,551000,328253,-0.026501766784452263,39831,139.04,13.83,3963,0.0,0,3.5,1332.800048828125
307,2023-04-26,551000,572000,550000,567000,296105,0.029038112522685955,39831,143.07,14.24,3963,0.0,0,3.5,1341.0
308,2023-04-27,573000,588000,567000,587000,463287,0.03527336860670194,39831,148.12,14.74,3963,0.0,0,3.5,1337.8299560546875
309,2023-04-28,590000,591000,573000,581000,316880,-0.010221465076660996,39831,146.61,14.59,3963,0.0,0,3.5,1339.3900146484375
310,2023-05-02,580000,592000,579000,591000,273527,0.01721170395869187,80052,178.77,7.38,3306,0.0,0,3.5,1342.7900390625
311,2023-05-03,587000,587000,566000,567000,243943,-0.040609137055837574,80052,171.51,7.08,3306,0.0,0,3.5,1342.300048828125
312,2023-05-04,563000,571000,560000,564000,244181,-0.005291005291005346,80052,170.6,7.05,3306,0.0,0,3.5,1335.22998046875
313,2023-05-08,565000,572000,558000,558000,202092,-0.010638297872340385,80052,168.78,6.97,3306,0.0,0,3.5,1316.9599609375
314,2023-05-09,558000,567000,550000,563000,169554,0.008960573476702427,80052,170.3,7.03,3306,0.0,0,3.5,1322.4100341796875
315,2023-05-10,561000,570000,559000,566000,144538,0.005328596802841812,80052,171.2,7.07,3306,0.0,0,3.5,1326.050048828125
316,2023-05-11,568000,572000,550000,553000,290645,-0.02296819787985871,80052,167.27,6.91,3306,0.0,0,3.5,1318.050048828125
317,2023-05-12,547000,549000,542000,547000,184132,-0.010849909584086825,80052,165.46,6.83,3306,0.0,0,3.5,1329.8800048828125
318,2023-05-15,542000,546000,530000,545000,211398,-0.003656307129798919,80052,164.85,6.81,3306,0.0,0,3.5,1341.52001953125
319,2023-05-16,549000,552000,538000,540000,178059,-0.00917431192660545,80052,163.34,6.75,3306,0.0,0,3.5,1335.4000244140625
320,2023-05-17,538000,560000,534000,560000,185024,0.03703703703703698,80052,169.39,7.0,3306,0.0,0,3.5,1342.4300537109375
321,2023-05-18,563000,564000,555000,562000,144616,0.0035714285714285587,80052,169.99,7.02,3306,0.0,0,3.5,1334.1500244140625
322,2023-05-19,560000,561000,552000,552000,156070,-0.017793594306049876,80052,166.97,6.9,3306,0.0,0,3.5,1334.739990234375
323,2023-05-22,553000,562000,547000,560000,154752,0.01449275362318847,80052,169.39,7.0,3306,0.0,0,3.5,1324.2099609375
324,2023-05-23,564000,579000,563000,574000,243135,0.02499999999999991,80052,173.62,7.17,3306,0.0,0,3.5,1313.8299560546875
325,2023-05-24,574000,585000,572000,585000,257248,0.019163763066202044,80052,176.95,7.31,3306,0.0,0,3.5,1319.8399658203125
326,2023-05-25,579000,591000,576000,583000,199907,-0.0034188034188034067,80052,176.35,7.28,3306,0.0,0,3.5,1318.52001953125
327,2023-05-26,580000,583000,575000,578000,113909,-0.00857632933104635,80052,174.83,7.22,3306,0.0,0,3.5,1330.8900146484375
328,2023-05-30,583000,586000,575000,580000,175179,0.0034602076124568004,80052,175.44,7.25,3306,0.0,0,3.5,1324.5899658203125
329,2023-05-31,581000,604000,581000,599000,610868,0.03275862068965507,80052,181.19,7.48,3306,0.0,0,3.5,1319.7900390625
330,2023-06-01,595000,597000,584000,584000,204800,-0.025041736227045086,80052,176.65,7.3,3306,0.0,0,3.5,1321.739990234375
331,2023-06-02,588000,591000,586000,588000,155137,0.006849315068493178,80052,177.86,7.35,3306,0.0,0,3.5,1312.8499755859375
332,2023-06-05,590000,595000,587000,594000,198113,0.010204081632652962,80052,179.67,7.42,3306,0.0,0,3.5,1305.1400146484375
333,2023-06-07,597000,605000,597000,604000,498286,0.01683501683501687,80052,182.7,7.55,3306,0.0,0,3.5,1299.199951171875
334,2023-06-08,601000,602000,588000,591000,286608,-0.021523178807947074,80052,178.77,7.38,3306,0.0,0,3.5,1308.3399658203125
335,2023-06-09,597000,610000,597000,609000,449434,0.030456852791878264,80052,184.21,7.61,3306,0.0,0,3.5,1296.3299560546875
336,2023-06-12,614000,614000,603000,612000,231274,0.0049261083743843415,80052,185.12,7.65,3306,0.0,0,3.5,1286.68994140625
337,2023-06-13,612000,613000,604000,607000,194004,-0.008169934640522847,80052,183.61,7.58,3306,0.0,0,3.5,1284.5799560546875
338,2023-06-14,610000,614000,588000,589000,300834,-0.029654036243822124,80052,178.16,7.36,3306,0.0,0,3.5,1267.6199951171875
339,2023-06-15,594000,600000,581000,585000,340106,-0.006791171477079749,80052,176.95,7.31,3306,0.0,0,3.5,1273.989990234375
340,2023-06-16,591000,592000,582000,588000,271773,0.00512820512820511,80052,177.86,7.35,3306,0.0,0,3.5,1270.050048828125
341,2023-06-19,579000,580000,558000,561000,900555,-0.04591836734693877,80052,169.69,7.01,3306,0.0,0,3.5,1276.31005859375
342,2023-06-20,561000,568000,555000,561000,337706,0.0,80052,169.69,7.01,3306,0.0,0,3.5,1283.239990234375
343,2023-06-21,563000,565000,556000,558000,267829,-0.005347593582887722,80052,168.78,6.97,3306,0.0,0,3.5,1287.5400390625
344,2023-06-22,556000,575000,556000,569000,319585,0.019713261648745428,80052,172.11,7.11,3306,0.0,0,3.5,1288.3800048828125
345,2023-06-23,570000,574000,561000,563000,176724,-0.010544815465729385,80052,170.3,7.03,3306,0.0,0,3.5,1298.2099609375
346,2023-06-26,562000,567000,559000,564000,136695,0.001776198934280604,80052,170.6,7.05,3306,0.0,0,3.5,1307.6700439453125
347,2023-06-27,561000,562000,556000,561000,214674,-0.005319148936170248,80052,169.69,7.01,3306,0.0,0,3.5,1302.6600341796875
348,2023-06-28,561000,566000,545000,547000,300378,-0.024955436720142554,80052,165.46,6.83,3306,0.0,0,3.5,1296.5999755859375
349,2023-06-29,548000,561000,547000,550000,230986,0.005484460694698434,80052,166.36,6.87,3306,0.0,0,3.5,1309.010009765625
350,2023-06-30,551000,556000,548000,553000,173743,0.005454545454545379,80052,167.27,6.91,3306,0.0,0,3.5,1323.0699462890625
351,2023-07-03,557000,576000,556000,573000,290579,0.03616636528028927,80052,173.32,7.16,3306,0.0,0,3.5,1315.300048828125
352,2023-07-04,573000,574000,564000,569000,252640,-0.006980802792321161,80052,172.11,7.11,3306,0.0,0,3.5,1306.0999755859375
353,2023-07-05,569000,571000,564000,567000,159456,-0.0035149384885764245,80052,171.51,7.08,3306,0.0,0,3.5,1295.5
354,2023-07-06,569000,572000,562000,565000,200896,-0.003527336860670194,80052,170.9,7.06,3306,0.0,0,3.5,1302.969970703125
355,2023-07-07,570000,574000,556000,562000,287258,-0.005309734513274322,80052,169.99,7.02,3306,0.0,0,3.5,1309.219970703125
356,2023-07-10,564000,564000,550000,550000,302475,-0.02135231316725983,80052,166.36,6.87,3306,0.0,0,3.5,1297.3699951171875
357,2023-07-11,553000,557000,547000,550000,257343,0.0,80052,166.36,6.87,3306,0.0,0,3.5,1299.5400390625
358,2023-07-12,538000,539000,530000,534000,1969703,-0.029090909090909056,80052,161.52,6.67,3306,0.0,0,3.5,1291.510009765625
359,2023-07-13,535000,544000,534000,542000,503736,0.014981273408239737,80052,163.94,6.77,3306,0.0,0,3.5,1274.699951171875
360,2023-07-14,544000,546000,538000,542000,324259,0.0,80052,163.94,6.77,3306,0.0,0,3.5,1266.8299560546875
361,2023-07-17,541000,542000,533000,538000,248574,-0.0073800738007380184,80052,162.73,6.72,3306,0.0,0,3.5,1268.3399658203125
362,2023-07-18,539000,553000,534000,549000,557507,0.020446096654274992,80052,166.06,6.86,3306,0.0,0,3.5,1265.449951171875
363,2023-07-19,550000,564000,546000,560000,494088,0.020036429872495543,80052,169.39,7.0,3306,0.0,0,3.5,1264.93994140625
364,2023-07-20,560000,563000,551000,556000,319843,-0.0071428571428571175,80052,168.18,6.95,3306,0.0,0,3.5,1265.0899658203125
365,2023-07-21,549000,574000,543000,569000,508472,0.023381294964028854,80052,172.11,7.11,3306,0.0,0,3.5,1278.4000244140625
366,2023-07-24,573000,602000,568000,597000,1074661,0.04920913884007039,80052,180.58,7.46,3306,0.0,0,3.5,1285.6500244140625
367,2023-07-25,607000,610000,585000,594000,756355,-0.005025125628140725,80052,179.67,7.42,3306,0.0,0,3.5,1280.530029296875
368,2023-07-26,595000,620000,560000,580000,1706916,-0.023569023569023573,80052,175.44,7.25,3306,0.0,0,3.5,1274.1199951171875
369,2023-07-27,577000,577000,535000,540000,1180424,-0.06896551724137934,80052,163.34,6.75,3306,0.0,0,3.5,1275.1700439453125
370,2023-07-28,540000,552000,540000,542000,561173,0.0037037037037037646,80052,163.94,6.77,3306,0.0,0,3.5,1283.8800048828125
371,2023-07-31,545000,562000,545000,560000,378890,0.03321033210332103,80052,169.39,7.0,3306,0.0,0,3.5,1272.3900146484375
372,2023-08-01,562000,568000,550000,557000,406755,-0.005357142857142838,80052,168.48,6.96,3306,0.0,0,3.5,1277.9300537109375
373,2023-08-02,551000,559000,543000,544000,273058,-0.02333931777378817,80052,164.55,6.8,3306,0.0,0,3.5,1289.050048828125
374,2023-08-03,541000,551000,539000,543000,299858,-0.0018382352941176405,80052,164.25,6.78,3306,0.0,0,3.5,1295.3699951171875
375,2023-08-04,545000,548000,540000,540000,164545,-0.0055248618784530246,80052,163.34,6.75,3306,0.0,0,3.5,1296.4000244140625
376,2023-08-07,540000,542000,513000,514000,549808,-0.04814814814814816,80052,155.47,6.42,3306,0.0,0,3.5,1303.050048828125
377,2023-08-08,517000,535000,517000,525000,328379,0.021400778210116655,80052,158.8,6.56,3306,0.0,0,3.5,1307.75
